{
  "posts": {
    "1": {
      "id": 1,
      "title": "Lipsum!",
      "text": "Lorem ipsum dolor sit amet, consectetur adipiscing elit.",
      "createdAt": 1622018245475
    },
    "2": {
      "id": 2,
      "title": "2x Lipsum!",
      "text": "Curabitur mollis in augue quis consequat.",
      "createdAt": 1622018264953,
      "updatedAt": 1622018319895
    },
    "4": {
      "id": 4,
      "title": "Breaking news!",
      "text": "No more lipsum.",
      "createdAt": 1622018355661
    },
    "5": {
      "id": 5,
      "title": "Lorem!",
      "text": "Some ipsum text.",
      "createdAt": 1622018435948
    }
  },
  "lastId": 6
}